Accuracy,Precision,Recall,F1 Score,ROC AUC,PR AUC
0.713,0.784,0.588,0.672,0.7513500000000001,0.8236292387656386
